text,created_at,id,author_id,edit_history_tweet_ids,username
@sohamget22 need to fix the bug in system otherwise its good !,2025-08-12T16:26:57.000Z,1955305012269097022,1630729660882644992,['1955305012269097022'],SOHAMGANGURDE3
@sohamget22 Really helped my team track customer moods! the service is quite good and product quality is also excellent .,2025-08-12T16:26:13.000Z,1955304826679537996,1630729660882644992,['1955304826679537996'],SOHAMGANGURDE3
https://t.co/jmVDxurOwc,2025-08-12T16:24:08.000Z,1955304303213617413,1955297149681369088,['1955304303213617413'],sohamget22
https://t.co/DdnJZOlygm,2025-08-12T16:21:04.000Z,1955303531553988981,1955297149681369088,['1955303531553988981'],sohamget22
@brandX Loving the new update! It’s so smooth and fast.,2025-08-12T10:15:23.000Z,1955301000000000001,1630729660000000001,['1955301000000000001'],useralpha
@brandX Please fix the crashing issue on Android.,2025-08-12T10:16:45.000Z,1955301000000000002,1630729660000000002,['1955301000000000002'],userbravo
@brandX Thanks for the quick customer support last night!,2025-08-12T10:17:52.000Z,1955301000000000003,1630729660000000003,['1955301000000000003'],usercharlie
@brandX The product quality is great but shipping was slow.,2025-08-12T10:18:33.000Z,1955301000000000004,1630729660000000004,['1955301000000000004'],userdelta
@brandX I just recommended this to my friends!,2025-08-12T10:19:48.000Z,1955301000000000005,1630729660000000005,['1955301000000000005'],userecho
@brandX Still waiting for the refund update.,2025-08-12T10:20:10.000Z,1955301000000000006,1630729660000000006,['1955301000000000006'],userfoxtrot
@brandX Absolutely amazing service experience!,2025-08-12T10:21:14.000Z,1955301000000000007,1630729660000000007,['1955301000000000007'],usergolf
@brandX The website UI could use some improvement.,2025-08-12T10:22:05.000Z,1955301000000000008,1630729660000000008,['1955301000000000008'],userhotel
@brandX Loving the personalization features!,2025-08-12T10:23:29.000Z,1955301000000000009,1630729660000000009,['1955301000000000009'],userindia
@brandX Can't log in after the new update.,2025-08-12T10:24:47.000Z,1955301000000000010,1630729660000000010,['1955301000000000010'],userjuliet
@brandX Appreciate the constant product improvements.,2025-08-12T10:25:51.000Z,1955301000000000011,1630729660000000011,['1955301000000000011'],userkilo
@brandX Please add dark mode to the web app.,2025-08-12T10:27:33.000Z,1955301000000000012,1630729660000000012,['1955301000000000012'],userlima
@brandX I had a fantastic onboarding experience.,2025-08-12T10:28:55.000Z,1955301000000000013,1630729660000000013,['1955301000000000013'],usermike
@brandX The analytics dashboard is very helpful.,2025-08-12T10:30:02.000Z,1955301000000000014,1630729660000000014,['1955301000000000014'],usernovember
@brandX Still facing payment issues please assist.,2025-08-12T10:31:44.000Z,1955301000000000015,1630729660000000015,['1955301000000000015'],useroscar
@brandX Best app I’ve used in 2025 so far!,2025-08-12T10:32:59.000Z,1955301000000000016,1630729660000000016,['1955301000000000016'],userpapa
@brandX Please make the iOS app faster.,2025-08-12T10:34:11.000Z,1955301000000000017,1630729660000000017,['1955301000000000017'],userquebec
@brandX Can we get more customization options?,2025-08-12T10:35:18.000Z,1955301000000000018,1630729660000000018,['1955301000000000018'],userr
@brandX Just wow! Incredible performance boost.,2025-08-12T10:36:55.000Z,1955301000000000019,1630729660000000019,['1955301000000000019'],usersierra
@brandX Love the clean UI and smooth navigation.,2025-08-12T10:38:06.000Z,1955301000000000020,1630729660000000020,['1955301000000000020'],usertango
@brandX The customer success team is top-notch.,2025-08-12T10:39:31.000Z,1955301000000000021,1630729660000000021,['1955301000000000021'],useruniform
@brandX Feature request: Offline mode support.,2025-08-12T10:40:48.000Z,1955301000000000022,1630729660000000022,['1955301000000000022'],uservictor
@brandX How do I transfer my subscription to another account?,2025-08-12T10:42:00.000Z,1955301000000000023,1630729660000000023,['1955301000000000023'],userwhiskey
@brandX This app has changed how I manage my work.,2025-08-12T10:43:12.000Z,1955301000000000024,1630729660000000024,['1955301000000000024'],userxray
@brandX Please fix the push notifications.,2025-08-12T10:44:39.000Z,1955301000000000025,1630729660000000025,['1955301000000000025'],useryankee
@brandX The search feature is super fast now!,2025-08-12T10:45:44.000Z,1955301000000000026,1630729660000000026,['1955301000000000026'],userzulu
@brandX I had to reinstall because of a bug.,2025-08-12T10:47:22.000Z,1955301000000000027,1630729660000000027,['1955301000000000027'],userapple
@brandX Can you add multi-language support?,2025-08-12T10:48:37.000Z,1955301000000000028,1630729660000000028,['1955301000000000028'],userberry
@brandX Loving the performance updates.,2025-08-12T10:49:58.000Z,1955301000000000029,1630729660000000029,['1955301000000000029'],usercherry
@brandX I use this tool every single day!,2025-08-12T10:51:11.000Z,1955301000000000030,1630729660000000030,['1955301000000000030'],userdate
@brandX Still can’t export my data.,2025-08-12T10:52:26.000Z,1955301000000000031,1630729660000000031,['1955301000000000031'],useregg
@brandX Please fix the timezone display bug.,2025-08-12T10:53:48.000Z,1955301000000000032,1630729660000000032,['1955301000000000032'],userfig
@brandX Huge thanks to the dev team!,2025-08-12T10:54:55.000Z,1955301000000000033,1630729660000000033,['1955301000000000033'],usergrape
@brandX Found a bug in the settings menu.,2025-08-12T10:56:09.000Z,1955301000000000034,1630729660000000034,['1955301000000000034'],userhoney
@brandX When is the next big release?,2025-08-12T10:57:31.000Z,1955301000000000035,1630729660000000035,['1955301000000000035'],userice
@brandX The team is doing a wonderful job.,2025-08-12T10:58:46.000Z,1955301000000000036,1630729660000000036,['1955301000000000036'],userjam
@brandX My productivity has doubled since using this!,2025-08-12T11:00:00.000Z,1955301000000000037,1630729660000000037,['1955301000000000037'],userkiwi
@brandX Loving the integration with other tools.,2025-08-12T11:01:17.000Z,1955301000000000038,1630729660000000038,['1955301000000000038'],userlemon
@brandX The onboarding videos were very helpful.,2025-08-12T11:02:28.000Z,1955301000000000039,1630729660000000039,['1955301000000000039'],usermango
@brandX Still no fix for the memory leak?,2025-08-12T11:03:42.000Z,1955301000000000040,1630729660000000040,['1955301000000000040'],usernectar
@brandX I’m impressed with the speed improvements.,2025-08-12T11:04:55.000Z,1955301000000000041,1630729660000000041,['1955301000000000041'],userolive
@brandX Thank you for listening to user feedback!,2025-08-12T11:06:10.000Z,1955301000000000042,1630729660000000042,['1955301000000000042'],userpeach
@brandX Would love more templates in the next update.,2025-08-12T11:07:22.000Z,1955301000000000043,1630729660000000043,['1955301000000000043'],userquince
@brandX Can’t wait for the beta program.,2025-08-12T11:08:34.000Z,1955301000000000044,1630729660000000044,['1955301000000000044'],userraspberry
@brandX Had a minor login glitch today.,2025-08-12T11:09:49.000Z,1955301000000000045,1630729660000000045,['1955301000000000045'],userspice
@brandX The export feature saved me hours!,2025-08-12T11:10:59.000Z,1955301000000000046,1630729660000000046,['1955301000000000046'],usertomato
@brandX How can I join the affiliate program?,2025-08-12T11:12:13.000Z,1955301000000000047,1630729660000000047,['1955301000000000047'],userumbrella
@brandX This is now my favorite productivity app.,2025-08-12T11:13:27.000Z,1955301000000000048,1630729660000000048,['1955301000000000048'],uservanilla
@brandX Any chance of adding AI-based suggestions?,2025-08-12T11:14:42.000Z,1955301000000000049,1630729660000000049,['1955301000000000049'],userwatermelon
@brandX Love that you fixed the duplicate notification bug.,2025-08-12T11:15:57.000Z,1955301000000000050,1630729660000000050,['1955301000000000050'],userxylophone
